COD_MUNIC,NOME_MUNICIPIO,POPULACAO
3100104,ABADIA DOS DOURADOS,6272
3100203,ABAETÉ,22675
3100302,ABRE CAMPO,13927
3100401,ACAIACA,3909
3100500,AÇUCENA,8943
3100609,ÁGUA BOA,12589
3100708,ÁGUA COMPRIDA,2108
3100807,AGUANIL,4357
3100906,ÁGUAS FORMOSAS,18448
3101003,ÁGUAS VERMELHAS,14037
3101102,AIMORÉS,25269
3101201,AIURUOCA,6233
3101300,ALAGOA,2749
3101409,ALBERTINA,2952
3101508,ALÉM PARAÍBA,30717
3101607,ALFENAS,78970
3101631,ALFREDO VASCONCELOS,6931
3101706,ALMENARA,40364
3101805,ALPERCATA,6903
3101904,ALPINÓPOLIS,18300
3102001,ALTEROSA,13915
3102050,ALTO CAPARAÓ,5795
3102100,ALTO RIO DOCE,10891
3102209,ALVARENGA,3975
3102308,ALVINÓPOLIS,15059
3102407,ALVORADA DE MINAS,4159
3102506,AMPARO DO SERRA,4541
3102605,ANDRADAS,40553
3102704,CACHOEIRA DE PAJEÚ,9110
3102803,ANDRELÂNDIA,11927
3102852,ANGELÂNDIA,7718
3102902,ANTÔNIO CARLOS,11095
3103009,ANTÔNIO DIAS,9219
3103108,ANTÔNIO PRADO DE MINAS,1538
3103207,ARAÇAÍ,2181
3103306,ARACITABA,2049
3103405,ARAÇUAÍ,34297
3103504,ARAGUARI,117808
3103603,ARANTINA,2915
3103702,ARAPONGA,8048
3103751,ARAPORÃ,8479
3103801,ARAPUÁ,2631
3103900,ARAÚJOS,9199
3104007,ARAXÁ,111691
3104106,ARCEBURGO,9177
3104205,ARCOS,41416
3104304,AREADO,13881
3104403,ARGIRITA,2688
3104452,ARICANDUVA,4719
3104502,ARINOS,17272
3104601,ASTOLFO DUTRA,14138
3104700,ATALÉIA,13736
3104809,AUGUSTO DE LIMA,4538
3104908,BAEPENDI,18366
3105004,BALDIM,7492
3105103,BAMBUÍ,23546
3105202,BANDEIRA,4741
3105301,BANDEIRA DO SUL,5943
3105400,BARÃO DE COCAIS,30778
3105509,BARÃO DE MONTE ALTO,4964
3105608,BARBACENA,125317
3105707,BARRA LONGA,5666
3105905,BARROSO,20080
3106002,BELA VISTA DE MINAS,10167
3106101,BELMIRO BRAGA,3244
3106200,BELO HORIZONTE,2315560
3106309,BELO ORIENTE,23928
3106408,BELO VALE,8627
3106507,BERILO,9826
3106606,BERTÓPOLIS,4451
3106655,BERIZAL,4201
3106705,BETIM,411846
3106804,BIAS FORTES,3361
3106903,BICAS,13978
3107000,BIQUINHAS,2383
3107109,BOA ESPERANÇA,39848
3107208,BOCAINA DE MINAS,5348
3107307,BOCAIÚVA,48032
3107406,BOM DESPACHO,51737
3107505,BOM JARDIM DE MINAS,6783
3107604,BOM JESUS DA PENHA,4474
3107703,BOM JESUS DO AMPARO,5631
3107802,BOM JESUS DO GALHO,14536
3107901,BOM REPOUSO,12649
3108008,BOM SUCESSO,17151
3108107,BONFIM,7434
3108206,BONFINÓPOLIS DE MINAS,5528
3108255,BONITO DE MINAS,10204
3108305,BORDA DA MATA,17404
3108404,BOTELHOS,14828
3108503,BOTUMIRIM,5790
3108552,BRASILÂNDIA DE MINAS,15020
3108602,BRASÍLIA DE MINAS,32025
3108701,BRÁS PIRES,4260
3108800,BRAÚNAS,4441
3108909,BRAZÓPOLIS,14246
3109006,BRUMADINHO,38915
3109105,BUENO BRANDÃO,10911
3109204,BUENÓPOLIS,9150
3109253,BUGRE,4041
3109303,BURITIS,24030
3109402,BURITIZEIRO,23910
3109451,CABECEIRA GRANDE,6627
3109501,CABO VERDE,11410
3109600,CACHOEIRA DA PRATA,3693
3109709,CACHOEIRA DE MINAS,11883
3109808,CACHOEIRA DOURADA,2315
3109907,CAETANÓPOLIS,11435
3110004,CAETÉ,38776
3110103,CAIANA,5304
3110202,CAJURI,4088
3110301,CALDAS,14217
3110400,CAMACHO,2838
3110509,CAMANDUCAIA,26097
3110608,CAMBUÍ,29536
3110707,CAMBUQUIRA,12313
3110806,CAMPANÁRIO,2923
3110905,CAMPANHA,15935
3111002,CAMPESTRE,20696
3111101,CAMPINA VERDE,18011
3111150,CAMPO AZUL,3714
3111200,CAMPO BELO,52277
3111309,CAMPO DO MEIO,11377
3111408,CAMPO FLORIDO,8466
3111507,CAMPOS ALTOS,12979
3111606,CAMPOS GERAIS,26105
3111705,CANAÃ,4715
3111804,CANÁPOLIS,10608
3111903,CANA VERDE,5272
3112000,CANDEIAS,14001
3112059,CANTAGALO,3974
3112109,CAPARAÓ,5048
3112208,CAPELA NOVA,4362
3112307,CAPELINHA,39626
3112406,CAPETINGA,6562
3112505,CAPIM BRANCO,10663
3112604,CAPINÓPOLIS,14655
3112653,CAPITÃO ANDRADE,4585
3112703,CAPITÃO ENÉAS,14108
3112802,CAPITÓLIO,10380
3112901,CAPUTIRA,8936
3113008,CARAÍ,19548
3113107,CARANAÍBA,2933
3113206,CARANDAÍ,23812
3113305,CARANGOLA,31240
3113404,CARATINGA,87360
3113503,CARBONITA,8512
3113602,CAREAÇU,6816
3113701,CARLOS CHAGAS,18615
3113800,CARMÉSIA,2605
3113909,CARMO DA CACHOEIRA,11547
3114006,CARMO DA MATA,11019
3114105,CARMO DE MINAS,13797
3114204,CARMO DO CAJURU,23479
3114303,CARMO DO PARANAÍBA,29011
3114402,CARMO DO RIO CLARO,20954
3114501,CARMÓPOLIS DE MINAS,18003
3114550,CARNEIRINHO,9422
3114600,CARRANCAS,4049
3114709,CARVALHÓPOLIS,3341
3114808,CARVALHOS,4422
3114907,CASA GRANDE,2214
3115003,CASCALHO RICO,2712
3115102,CÁSSIA,17155
3115201,CONCEIÇÃO DA BARRA DE MINAS,3560
3115300,CATAGUASES,66261
3115359,CATAS ALTAS,5473
3115409,CATAS ALTAS DA NORUEGA,3110
3115458,CATUJI,7030
3115474,CATUTI,4739
3115508,CAXAMBU,21056
3115607,CEDRO DO ABAETÉ,1081
3115706,CENTRAL DE MINAS,6171
3115805,CENTRALINA,10207
3115904,CHÁCARA,3075
3116001,CHALÉ,6075
3116100,CHAPADA DO NORTE,10337
3116159,CHAPADA GAÚCHA,12355
3116209,CHIADOR,2800
3116308,CIPOTÂNEA,5581
3116407,CLARAVAL,4658
3116506,CLARO DOS POÇÕES,7166
3116605,CLÁUDIO,30159
3116704,COIMBRA,7117
3116803,COLUNA,8163
3116902,COMENDADOR GOMES,2773
3117009,COMERCINHO,6660
3117108,CONCEIÇÃO DA APARECIDA,10371
3117207,CONCEIÇÃO DAS PEDRAS,2772
3117306,CONCEIÇÃO DAS ALAGOAS,28381
3117405,CONCEIÇÃO DE IPANEMA,4409
3117504,CONCEIÇÃO DO MATO DENTRO,23163
3117603,CONCEIÇÃO DO PARÁ,5415
3117702,CONCEIÇÃO DO RIO VERDE,12541
3117801,CONCEIÇÃO DOS OUROS,10880
3117836,CÔNEGO MARINHO,7237
3117876,CONFINS,7350
3117900,CONGONHAL,11083
3118007,CONGONHAS,52890
3118106,CONGONHAS DO NORTE,4831
3118205,CONQUISTA,6694
3118304,CONSELHEIRO LAFAIETE,131621
3118403,CONSELHEIRO PENA,20824
3118502,CONSOLAÇÃO,1563
3118601,CONTAGEM,621863
3118700,COQUEIRAL,9023
3118809,CORAÇÃO DE JESUS,25377
3118908,CORDISBURGO,7547
3119005,CORDISLÂNDIA,3200
3119104,CORINTO,23532
3119203,COROACI,10884
3119302,COROMANDEL,28894
3119401,CORONEL FABRICIANO,104736
3119500,CORONEL MURTA,8200
3119609,CORONEL PACHECO,2762
3119708,CORONEL XAVIER CHAVES,3486
3119807,CÓRREGO DANTA,2960
3119906,CÓRREGO DO BOM JESUS,4272
3119955,CÓRREGO FUNDO,6133
3120003,CÓRREGO NOVO,2875
3120102,COUTO DE MAGALHÃES DE MINAS,4245
3120151,CRISÓLITA,5265
3120201,CRISTAIS,12197
3120300,CRISTÁLIA,5121
3120409,CRISTIANO OTONI,4667
3120508,CRISTINA,10374
3120607,CRUCILÂNDIA,5434
3120706,CRUZEIRO DA FORTALEZA,3521
3120805,CRUZÍLIA,15362
3120839,CUPARAQUE,3983
3120870,CURRAL DE DENTRO,7406
3120904,CURVELO,80665
3121001,DATAS,5465
3121100,DELFIM MOREIRA,7952
3121209,DELFINÓPOLIS,8393
3121258,DELTA,10494
3121308,DESCOBERTO,4928
3121407,DESTERRO DE ENTRE RIOS,7653
3121506,DESTERRO DO MELO,2994
3121605,DIAMANTINA,47702
3121704,DIOGO DE VASCONCELOS,3549
3121803,DIONÍSIO,6847
3121902,DIVINÉSIA,4226
3122009,DIVINO,20706
3122108,DIVINO DAS LARANJEIRAS,4178
3122207,DIVINOLÂNDIA DE MINAS,6516
3122306,DIVINÓPOLIS,231091
3122355,DIVISA ALEGRE,6321
3122405,DIVISA NOVA,5851
3122454,DIVISÓPOLIS,10213
3122470,DOM BOSCO,3697
3122504,DOM CAVATI,4904
3122603,DOM JOAQUIM,4899
3122702,DOM SILVÉRIO,5228
3122801,DOM VIÇOSO,3095
3122900,DONA EUZÉBIA,6093
3123007,DORES DE CAMPOS,10007
3123106,DORES DE GUANHÃES,5029
3123205,DORES DO INDAIÁ,12630
3123304,DORES DO TURVO,4987
3123403,DORESÓPOLIS,1461
3123502,DOURADOQUARA,1829
3123528,DURANDÉ,7817
3123601,ELÓI MENDES,26336
3123700,ENGENHEIRO CALDAS,13622
3123809,ENGENHEIRO NAVARRO,6354
3123858,ENTRE FOLHAS,5179
3123908,ENTRE RIOS DE MINAS,14746
3124005,ERVÁLIA,20255
3124104,ESMERALDAS,85598
3124203,ESPERA FELIZ,24102
3124302,ESPINOSA,30443
3124401,ESPÍRITO SANTO DO DOURADO,6611
3124500,ESTIVA,11502
3124609,ESTRELA DALVA,2186
3124708,ESTRELA DO INDAIÁ,2772
3124807,ESTRELA DO SUL,6840
3124906,EUGENÓPOLIS,10801
3125002,EWBANK DA CÂMARA,3875
3125101,EXTREMA,53482
3125200,FAMA,2578
3125309,FARIA LEMOS,3188
3125408,FELÍCIO DOS SANTOS,5133
3125507,SÃO GONÇALO DO RIO PRETO,3032
3125606,FELISBURGO,6489
3125705,FELIXLÂNDIA,13978
3125804,FERNANDES TOURINHO,2789
3125903,FERROS,9590
3125952,FERVEDOURO,10445
3126000,FLORESTAL,8045
3126109,FORMIGA,68248
3126208,FORMOSO,7949
3126307,FORTALEZA DE MINAS,3477
3126406,FORTUNA DE MINAS,3093
3126505,FRANCISCO BADARÓ,7366
3126604,FRANCISCO DUMONT,4503
3126703,FRANCISCO SÁ,23476
3126752,FRANCISCÓPOLIS,5034
3126802,FREI GASPAR,5640
3126901,FREI INOCÊNCIO,8226
3126950,FREI LAGONEGRO,3391
3127008,FRONTEIRA,14540
3127057,FRONTEIRA DOS VALES,4345
3127073,FRUTA DE LEITE,4647
3127107,FRUTAL,58588
3127206,FUNILÂNDIA,4686
3127305,GALILÉIA,6222
3127339,GAMELEIRAS,4793
3127354,GLAUCILÂNDIA,2928
3127370,GOIABEIRA,2830
3127388,GOIANÁ,4053
3127404,GONÇALVES,4727
3127503,GONZAGA,5230
3127602,GOUVEIA,11331
3127701,GOVERNADOR VALADARES,257171
3127800,GRÃO MOGOL,13901
3127909,GRUPIARA,1392
3128006,GUANHÃES,32244
3128105,GUAPÉ,13772
3128204,GUARACIABA,9753
3128253,GUARACIAMA,5051
3128303,GUARANÉSIA,19150
3128402,GUARANI,7714
3128501,GUARARÁ,3149
3128600,GUARDA-MOR,6539
3128709,GUAXUPÉ,50911
3128808,GUIDOVAL,7131
3128907,GUIMARÂNIA,8478
3129004,GUIRICEMA,7778
3129103,GURINHATÃ,5192
3129202,HELIODORA,6134
3129301,IAPU,12030
3129400,IBERTIOGA,5198
3129509,IBIÁ,22229
3129608,IBIAÍ,6286
3129657,IBIRACATU,5081
3129707,IBIRACI,10948
3129806,IBIRITÉ,170537
3129905,IBITIÚRA DE MINAS,3365
3130002,IBITURUNA,2698
3130051,ICARAÍ DE MINAS,10677
3130101,IGARAPÉ,45847
3130200,IGARATINGA,10830
3130309,IGUATAMA,6826
3130408,IJACI,7003
3130507,ILICÍNEA,12741
3130556,IMBÉ DE MINAS,6986
3130606,INCONFIDENTES,7301
3130655,INDAIABIRA,6346
3130705,INDIANÓPOLIS,6171
3130804,INGAÍ,2580
3130903,INHAPIM,22692
3131000,INHAÚMA,6239
3131109,INIMUTABA,7371
3131158,IPABA,17136
3131208,IPANEMA,19522
3131307,IPATINGA,227731
3131406,IPIAÇU,3775
3131505,IPUIÚNA,9135
3131604,IRAÍ DE MINAS,7180
3131703,ITABIRA,113343
3131802,ITABIRINHA,10362
3131901,ITABIRITO,53365
3132008,ITACAMBIRA,4252
3132107,ITACARAMBI,17208
3132206,ITAGUARA,13846
3132305,ITAIPÉ,10463
3132404,ITAJUBÁ,93073
3132503,ITAMARANDIBA,32948
3132602,ITAMARATI DE MINAS,3690
3132701,ITAMBACURI,21042
3132800,ITAMBÉ DO MATO DENTRO,2142
3132909,ITAMOGI,10770
3133006,ITAMONTE,14786
3133105,ITANHANDU,15236
3133204,ITANHOMI,11128
3133303,ITAOBIM,19151
3133402,ITAPAGIPE,13690
3133501,ITAPECERICA,21046
3133600,ITAPEVA,12692
3133709,ITATIAIUÇU,12966
3133758,ITAÚ DE MINAS,14406
3133808,ITAÚNA,97669
3133907,ITAVERAVA,5642
3134004,ITINGA,13745
3134103,ITUETA,6055
3134202,ITUIUTABA,102217
3134301,ITUMIRIM,6638
3134400,ITURAMA,38295
3134509,ITUTINGA,4217
3134608,JABOTICATUBAS,20406
3134707,JACINTO,11042
3134806,JACUÍ,7495
3134905,JACUTINGA,25525
3135001,JAGUARAÇU,3092
3135050,JAÍBA,37660
3135076,JAMPRUCA,4296
3135100,JANAÚBA,70699
3135209,JANUÁRIA,65150
3135308,JAPARAÍBA,4506
3135357,JAPONVAR,8127
3135407,JECEABA,6197
3135456,JENIPAPO DE MINAS,6100
3135506,JEQUERI,12419
3135605,JEQUITAÍ,6484
3135704,JEQUITIBÁ,5883
3135803,JEQUITINHONHA,24007
3135902,JESUÂNIA,5138
3136009,JOAÍMA,13888
3136108,JOANÉSIA,4329
3136207,JOÃO MONLEVADE,80187
3136306,JOÃO PINHEIRO,46801
3136405,JOAQUIM FELÍCIO,3854
3136504,JORDÂNIA,10304
3136520,JOSÉ GONÇALVES DE MINAS,3969
3136553,JOSÉ RAYDAN,4268
3136579,JOSENÓPOLIS,3630
3136603,NOVA UNIÃO,5909
3136652,JUATUBA,30716
3136702,JUIZ DE FORA,540756
3136801,JURAMENTO,3768
3136900,JURUAIA,11084
3136959,JUVENÍLIA,5789
3137007,LADAINHA,14383
3137106,LAGAMAR,6631
3137205,LAGOA DA PRATA,51412
3137304,LAGOA DOS PATOS,3313
3137403,LAGOA DOURADA,12769
3137502,LAGOA FORMOSA,18904
3137536,LAGOA GRANDE,8969
3137601,LAGOA SANTA,75145
3137700,LAJINHA,20835
3137809,LAMBARI,20414
3137908,LAMIM,3184
3138005,LARANJAL,5963
3138104,LASSANCE,7124
3138203,LAVRAS,104761
3138302,LEANDRO FERREIRA,3199
3138351,LEME DO PRADO,4341
3138401,LEOPOLDINA,51145
3138500,LIBERDADE,4737
3138609,LIMA DUARTE,17221
3138625,LIMEIRA DO OESTE,8687
3138658,LONTRA,8790
3138674,LUISBURGO,6956
3138682,LUISLÂNDIA,6210
3138708,LUMINÁRIAS,5586
3138807,LUZ,17875
3138906,MACHACALIS,6487
3139003,MACHADO,37684
3139102,MADRE DE DEUS DE MINAS,5191
3139201,MALACACHETA,17516
3139250,MAMONAS,5997
3139300,MANGA,18886
3139409,MANHUAÇU,91886
3139508,MANHUMIRIM,20613
3139607,MANTENA,26535
3139706,MARAVILHAS,7333
3139805,MAR DE ESPANHA,12721
3139904,MARIA DA FÉ,14247
3140001,MARIANA,61387
3140100,MARILAC,4224
3140159,MÁRIO CAMPOS,15900
3140209,MARIPÁ DE MINAS,3387
3140308,MARLIÉRIA,4592
3140407,MARMELÓPOLIS,3200
3140506,MARTINHO CAMPOS,14003
3140530,MARTINS SOARES,8396
3140555,MATA VERDE,9112
3140605,MATERLÂNDIA,3963
3140704,MATEUS LEME,37841
3140803,MATIAS BARBOSA,14121
3140852,MATIAS CARDOSO,8895
3140902,MATIPÓ,18552
3141009,MATO VERDE,12038
3141108,MATOZINHOS,37618
3141207,MATUTINA,3814
3141306,MEDEIROS,3900
3141405,MEDINA,20156
3141504,MENDES PIMENTEL,5606
3141603,MERCÊS,10373
3141702,MESQUITA,5040
3141801,MINAS NOVAS,24405
3141900,MINDURI,3741
3142007,MIRABELA,13651
3142106,MIRADOURO,8968
3142205,MIRAÍ,13633
3142254,MIRAVÂNIA,3985
3142304,MOEDA,5125
3142403,MOEMA,7548
3142502,MONJOLOS,2169
3142601,MONSENHOR PAULO,8340
3142700,MONTALVÂNIA,14060
3142809,MONTE ALEGRE DE MINAS,20170
3142908,MONTE AZUL,20328
3143005,MONTE BELO,13046
3143104,MONTE CARMELO,47692
3143153,MONTE FORMOSO,4381
3143203,MONTE SANTO DE MINAS,20890
3143302,MONTES CLAROS,414240
3143401,MONTE SIÃO,24089
3143450,MONTEZUMA,6888
3143500,MORADA NOVA DE MINAS,9067
3143609,MORRO DA GARÇA,2411
3143708,MORRO DO PILAR,3133
3143807,MUNHOZ,7451
3143906,MURIAÉ,104108
3144003,MUTUM,27635
3144102,MUZAMBINHO,21891
3144201,NACIP RAYDAN,2459
3144300,NANUQUE,35038
3144359,NAQUE,6303
3144375,NATALÂNDIA,3520
3144409,NATÉRCIA,4691
3144508,NAZARENO,8179
3144607,NEPOMUCENO,25018
3144656,NINHEIRA,10588
3144672,NOVA BELÉM,3151
3144706,NOVA ERA,17438
3144805,NOVA LIMA,111697
3144904,NOVA MÓDICA,3663
3145000,NOVA PONTE,14598
3145059,NOVA PORTEIRINHA,6706
3145109,NOVA RESENDE,16387
3145208,NOVA SERRANA,105552
3145307,NOVO CRUZEIRO,26975
3145356,NOVO ORIENTE DE MINAS,10275
3145372,NOVORIZONTE,4571
3145406,OLARIA,1945
3145455,OLHOS-D'ÁGUA,5385
3145505,OLÍMPIO NORONHA,2555
3145604,OLIVEIRA,39262
3145703,OLIVEIRA FORTES,2027
3145802,ONÇA DE PITANGUI,2969
3145851,ORATÓRIOS,4917
3145877,ORIZÂNIA,8437
3145901,OURO BRANCO,38724
3146008,OURO FINO,32094
3146107,OURO PRETO,74821
3146206,OURO VERDE DE MINAS,5757
3146255,PADRE CARVALHO,5058
3146305,PADRE PARAÍSO,17334
3146404,PAINEIRAS,4224
3146503,PAINS,8142
3146552,PAI PEDRO,5551
3146602,PAIVA,1474
3146701,PALMA,5707
3146750,PALMÓPOLIS,6301
3146909,PAPAGAIOS,13920
3147006,PARACATU,94023
3147105,PARÁ DE MINAS,97139
3147204,PARAGUAÇU,21723
3147303,PARAISÓPOLIS,20445
3147402,PARAOPEBA,24107
3147501,PASSABÉM,1600
3147600,PASSA QUATRO,15515
3147709,PASSA TEMPO,8473
3147808,PASSA VINTE,2233
3147907,PASSOS,111939
3147956,PATIS,4837
3148004,PATOS DE MINAS,159235
3148103,PATROCÍNIO,89826
3148202,PATROCÍNIO DO MURIAÉ,5576
3148301,PAULA CÂNDIDO,8659
3148400,PAULISTAS,4389
3148509,PAVÃO,8047
3148608,PEÇANHA,17446
3148707,PEDRA AZUL,24410
3148756,PEDRA BONITA,7320
3148806,PEDRA DO ANTA,3311
3148905,PEDRA DO INDAIÁ,4112
3149002,PEDRA DOURADA,2757
3149101,PEDRALVA,10760
3149150,PEDRAS DE MARIA DA CRUZ,10433
3149200,PEDRINÓPOLIS,3344
3149309,PEDRO LEOPOLDO,62580
3149408,PEDRO TEIXEIRA,1810
3149507,PEQUERI,3351
3149606,PEQUI,4155
3149705,PERDIGÃO,12268
3149804,PERDIZES,17151
3149903,PERDÕES,21384
3149952,PERIQUITO,6553
3150000,PESCADOR,3570
3150109,PIAU,2796
3150158,PIEDADE DE CARATINGA,8529
3150208,PIEDADE DE PONTE NOVA,3976
3150307,PIEDADE DO RIO GRANDE,4604
3150406,PIEDADE DOS GERAIS,5019
3150505,PIMENTA,8563
3150539,PINGO-D'ÁGUA,4706
3150570,PINTÓPOLIS,7084
3150604,PIRACEMA,6700
3150703,PIRAJUBA,5537
3150802,PIRANGA,17018
3150901,PIRANGUÇU,6041
3151008,PIRANGUINHO,9120
3151107,PIRAPETINGA,11077
3151206,PIRAPORA,55606
3151305,PIRAÚBA,11610
3151404,PITANGUI,26685
3151503,PIUMHI,36062
3151602,PLANURA,11145
3151701,POÇO FUNDO,16390
3151800,POÇOS DE CALDAS,163742
3151909,POCRANE,8350
3152006,POMPÉU,31047
3152105,PONTE NOVA,57776
3152131,PONTO CHIQUE,3747
3152170,PONTO DOS VOLANTES,10883
3152204,PORTEIRINHA,37438
3152303,PORTO FIRME,10569
3152402,POTÉ,13666
3152501,POUSO ALEGRE,152217
3152600,POUSO ALTO,6566
3152709,PRADOS,9048
3152808,PRATA,28342
3152907,PRATÁPOLIS,8406
3153004,PRATINHA,3559
3153103,PRESIDENTE BERNARDES,4850
3153202,PRESIDENTE JUSCELINO,3465
3153301,PRESIDENTE KUBITSCHEK,3071
3153400,PRESIDENTE OLEGÁRIO,18765
3153509,ALTO JEQUITIBÁ,8397
3153608,PRUDENTE DE MORAIS,11466
3153707,QUARTEL GERAL,3179
3153806,QUELUZITO,1770
3153905,RAPOSOS,16279
3154002,RAUL SOARES,23423
3154101,RECREIO,11007
3154150,REDUTO,7848
3154200,RESENDE COSTA,11230
3154309,RESPLENDOR,17226
3154408,RESSAQUINHA,4548
3154457,RIACHINHO,6863
3154507,RIACHO DOS MACHADOS,8756
3154606,RIBEIRÃO DAS NEVES,329794
3154705,RIBEIRÃO VERMELHO,4080
3154804,RIO ACIMA,10261
3154903,RIO CASCA,12789
3155009,RIO DOCE,2484
3155108,RIO DO PRADO,4639
3155207,RIO ESPERA,5429
3155306,RIO MANSO,5568
3155405,RIO NOVO,8518
3155504,RIO PARANAÍBA,14532
3155603,RIO PARDO DE MINAS,28271
3155702,RIO PIRACICABA,14631
3155801,RIO POMBA,17443
3155900,RIO PRETO,5141
3156007,RIO VERMELHO,12641
3156106,RITÁPOLIS,4994
3156205,ROCHEDO DE MINAS,2291
3156304,RODEIRO,8664
3156403,ROMARIA,3386
3156452,ROSÁRIO DA LIMEIRA,4734
3156502,RUBELITA,5679
3156601,RUBIM,10298
3156700,SABARÁ,129380
3156809,SABINÓPOLIS,14240
3156908,SACRAMENTO,26670
3157005,SALINAS,40178
3157104,SALTO DA DIVISA,6110
3157203,SANTA BÁRBARA,30466
3157252,SANTA BÁRBARA DO LESTE,8458
3157278,SANTA BÁRBARA DO MONTE VERDE,3095
3157302,SANTA BÁRBARA DO TUGÚRIO,4208
3157336,SANTA CRUZ DE MINAS,8109
3157377,SANTA CRUZ DE SALINAS,3910
3157401,SANTA CRUZ DO ESCALVADO,4673
3157500,SANTA EFIGÊNIA DE MINAS,4039
3157609,SANTA FÉ DE MINAS,3522
3157658,SANTA HELENA DE MINAS,5938
3157708,SANTA JULIANA,15734
3157807,SANTA LUZIA,219132
3157906,SANTA MARGARIDA,16395
3158003,SANTA MARIA DE ITABIRA,10485
3158102,SANTA MARIA DO SALTO,4755
3158201,SANTA MARIA DO SUAÇUÍ,12788
3158300,SANTANA DA VARGEM,6691
3158409,SANTANA DE CATAGUASES,3489
3158508,SANTANA DE PIRAPAMA,7030
3158607,SANTANA DO DESERTO,3747
3158706,SANTANA DO GARAMBÉU,2137
3158805,SANTANA DO JACARÉ,4214
3158904,SANTANA DO MANHUAÇU,8987
3158953,SANTANA DO PARAÍSO,44800
3159001,SANTANA DO RIACHO,5313
3159100,SANTANA DOS MONTES,3469
3159209,SANTA RITA DE CALDAS,8460
3159308,SANTA RITA DE JACUTINGA,4755
3159357,SANTA RITA DE MINAS,6773
3159407,SANTA RITA DE IBITIPOCA,3301
3159506,SANTA RITA DO ITUETO,5826
3159605,SANTA RITA DO SAPUCAÍ,40635
3159704,SANTA ROSA DA SERRA,3382
3159803,SANTA VITÓRIA,20973
3159902,SANTO ANTÔNIO DO AMPARO,17285
3160009,SANTO ANTÔNIO DO AVENTUREIRO,3769
3160108,SANTO ANTÔNIO DO GRAMA,4229
3160207,SANTO ANTÔNIO DO ITAMBÉ,3915
3160306,SANTO ANTÔNIO DO JACINTO,10327
3160405,SANTO ANTÔNIO DO MONTE,27295
3160454,SANTO ANTÔNIO DO RETIRO,6629
3160504,SANTO ANTÔNIO DO RIO ABAIXO,1808
3160603,SANTO HIPÓLITO,2717
3160702,SANTOS DUMONT,42406
3160801,SÃO BENTO ABADE,4713
3160900,SÃO BRÁS DO SUAÇUÍ,3989
3160959,SÃO DOMINGOS DAS DORES,5626
3161007,SÃO DOMINGOS DO PRATA,17392
3161056,SÃO FÉLIX DE MINAS,3200
3161106,SÃO FRANCISCO,52762
3161205,SÃO FRANCISCO DE PAULA,6187
3161304,SÃO FRANCISCO DE SALES,5732
3161403,SÃO FRANCISCO DO GLÓRIA,4800
3161502,SÃO GERALDO,10282
3161601,SÃO GERALDO DA PIEDADE,3305
3161650,SÃO GERALDO DO BAIXIO,3143
3161700,SÃO GONÇALO DO ABAETÉ,7375
3161809,SÃO GONÇALO DO PARÁ,11770
3161908,SÃO GONÇALO DO RIO ABAIXO,11850
3162005,SÃO GONÇALO DO SAPUCAÍ,23959
3162104,SÃO GOTARDO,40910
3162203,SÃO JOÃO BATISTA DO GLÓRIA,7652
3162252,SÃO JOÃO DA LAGOA,4822
3162302,SÃO JOÃO DA MATA,2914
3162401,SÃO JOÃO DA PONTE,23930
3162450,SÃO JOÃO DAS MISSÕES,13024
3162500,SÃO JOÃO DEL REI,90225
3162559,SÃO JOÃO DO MANHUAÇU,11246
3162575,SÃO JOÃO DO MANTENINHA,5331
3162609,SÃO JOÃO DO ORIENTE,7070
3162658,SÃO JOÃO DO PACUÍ,3972
3162708,SÃO JOÃO DO PARAÍSO,23910
3162807,SÃO JOÃO EVANGELISTA,15315
3162906,SÃO JOÃO NEPOMUCENO,25565
3162922,SÃO JOAQUIM DE BICAS,34348
3162948,SÃO JOSÉ DA BARRA,7793
3162955,SÃO JOSÉ DA LAPA,26090
3163003,SÃO JOSÉ DA SAFIRA,3806
3163102,SÃO JOSÉ DA VARGINHA,4536
3163201,SÃO JOSÉ DO ALEGRE,4133
3163300,SÃO JOSÉ DO DIVINO,3464
3163409,SÃO JOSÉ DO GOIABAL,5396
3163508,SÃO JOSÉ DO JACURI,6197
3163607,SÃO JOSÉ DO MANTIMENTO,2753
3163706,SÃO LOURENÇO,44798
3163805,SÃO MIGUEL DO ANTA,6334
3163904,SÃO PEDRO DA UNIÃO,4885
3164001,SÃO PEDRO DOS FERROS,7166
3164100,SÃO PEDRO DO SUAÇUÍ,5103
3164209,SÃO ROMÃO,10315
3164308,SÃO ROQUE DE MINAS,7129
3164407,SÃO SEBASTIÃO DA BELA VISTA,6387
3164431,SÃO SEBASTIÃO DA VARGEM ALEGRE,3113
3164472,SÃO SEBASTIÃO DO ANTA,6194
3164506,SÃO SEBASTIÃO DO MARANHÃO,10079
3164605,SÃO SEBASTIÃO DO OESTE,8815
3164704,SÃO SEBASTIÃO DO PARAÍSO,71796
3164803,SÃO SEBASTIÃO DO RIO PRETO,1259
3164902,SÃO SEBASTIÃO DO RIO VERDE,2300
3165008,SÃO TIAGO,11192
3165107,SÃO TOMÁS DE AQUINO,6740
3165206,SÃO TOMÉ DAS LETRAS,6904
3165305,SÃO VICENTE DE MINAS,6804
3165404,SAPUCAÍ-MIRIM,6311
3165503,SARDOÁ,5104
3165537,SARZEDO,36844
3165552,SETUBINHA,9917
3165560,SEM-PEIXE,2433
3165578,SENADOR AMARAL,6206
3165602,SENADOR CORTES,2240
3165701,SENADOR FIRMINO,7716
3165800,SENADOR JOSÉ BENTO,2068
3165909,SENADOR MODESTINO GONÇALVES,4008
3166006,SENHORA DE OLIVEIRA,5483
3166105,SENHORA DO PORTO,3067
3166204,SENHORA DOS REMÉDIOS,10384
3166303,SERICITA,7345
3166402,SERITINGA,1819
3166501,SERRA AZUL DE MINAS,3792
3166600,SERRA DA SAUDADE,833
3166709,SERRA DOS AIMORÉS,6944
3166808,SERRA DO SALITRE,11801
3166907,SERRANIA,7621
3166956,SERRANÓPOLIS DE MINAS,4399
3167004,SERRANOS,1990
3167103,SERRO,21952
3167202,SETE LAGOAS,227397
3167301,SILVEIRÂNIA,2323
3167400,SILVIANÓPOLIS,6179
3167509,SIMÃO PEREIRA,2947
3167608,SIMONÉSIA,19750
3167707,SOBRÁLIA,5137
3167806,SOLEDADE DE MINAS,5613
3167905,TABULEIRO,4014
3168002,TAIOBEIRAS,33050
3168051,TAPARUBA,3387
3168101,TAPIRA,4118
3168200,TAPIRAÍ,1690
3168309,TAQUARAÇU DE MINAS,4224
3168408,TARUMIRIM,14709
3168507,TEIXEIRAS,12255
3168606,TEÓFILO OTONI,137418
3168705,TIMÓTEO,81579
3168804,TIRADENTES,7744
3168903,TIROS,7883
3169000,TOCANTINS,16185
3169059,TOCOS DO MOJI,3826
3169109,TOLEDO,7214
3169208,TOMBOS,8609
3169307,TRÊS CORAÇÕES,75485
3169356,TRÊS MARIAS,28895
3169406,TRÊS PONTAS,55255
3169505,TUMIRITINGA,5886
3169604,TUPACIGUARA,25470
3169703,TURMALINA,20000
3169802,TURVOLÂNDIA,4935
3169901,UBÁ,103365
3170008,UBAÍ,11708
3170057,UBAPORANGA,13017
3170107,UBERABA,337836
3170206,UBERLÂNDIA,713224
3170305,UMBURATIBA,2684
3170404,UNAÍ,86619
3170438,UNIÃO DE MINAS,3828
3170479,URUANA DE MINAS,3282
3170503,URUCÂNIA,10600
3170529,URUCUIA,17479
3170578,VARGEM ALEGRE,5780
3170602,VARGEM BONITA,2158
3170651,VARGEM GRANDE DO RIO PARDO,4633
3170701,VARGINHA,136467
3170750,VARJÃO DE MINAS,6969
3170800,VÁRZEA DA PALMA,33744
3170909,VARZELÂNDIA,18840
3171006,VAZANTE,19975
3171030,VERDELÂNDIA,7672
3171071,VEREDINHA,5181
3171105,VERÍSSIMO,3411
3171154,VERMELHO NOVO,4899
3171204,VESPASIANO,129246
3171303,VIÇOSA,76430
3171402,VIEIRAS,3700
3171501,MATHIAS LOBATO,3038
3171600,VIRGEM DA LAPA,11804
3171709,VIRGÍNIA,8908
3171808,VIRGINÓPOLIS,10314
3171907,VIRGOLÂNDIA,4552
3172004,VISCONDE DO RIO BRANCO,39160
3172103,VOLTA GRANDE,4443
3172202,WENCESLAU BRAZ,235
